{
  "N": 42,
  "K": 2,
  "x": [
    [-1.543985517,-0.54370075],
    [-0.586211687,0.8287619],
    [-0.065175237,1.910361635],
    [0.570412454,1.407000686],
    [0.65034202,1.502761119],
    [-0.012865167,-1.701177151],
    [-0.475227544,-1.162237554],
    [-1.099331347,0.931263307],
    [-0.370414291,0.592570226],
    [1.546640003,0.502818027],
    [-0.33438787,0.146137297],
    [-0.675139121,-1.484205129],
    [0.386876795,0.998181155],
    [0.674037248,-1.168085326],
    [-1.214697097,-0.01117439],
    [-0.465283814,-0.844704439],
    [-0.157303105,-1.074613686],
    [1.798614282,-1.408008575],
    [-0.026821904,-0.176068349],
    [-0.09064587,-1.655709344],
    [-0.829179682,0.662885497],
    [-0.355493095,-0.452456181],
    [-1.381088013,-1.081720796],
    [1.238701495,0.357146723],
    [0.292780994,-0.878842583],
    [-0.843726185,-1.530054724],
    [1.194405693,0.168128124],
    [-1.025175782,-0.900080183],
    [0.452324018,1.999393051],
    [1.310245564,-0.199275639],
    [0.911859687,-0.356721259],
    [0.445293268,-0.717034446],
    [-0.535993704,0.516521093],
    [0.757127042,0.521802291],
    [-2.655540753,0.444012222],
    [1.713824973,-0.65099412],
    [-0.257212394,-0.790741124],
    [-0.474026946,-0.839758403],
    [-0.176674485,-2.202066797],
    [-1.441705743,-0.183161064],
    [-0.73902926,-0.144310537],
    [0.650818158,-0.718399335]
  ],
  "y": [
    -19.57011168,
    -43.66195868,
    -68.49203815,
    -34.98471266,
    -36.33808867,
    59.21957111,
    28.79762579,
    -60.07749942,
    -30.00031519,
    21.06736913,
    -13.47450215,
    35.06870149,
    -25.26442055,
    57.73391761,
    -29.97632378,
    17.93256002,
    33.67890139,
    94.24565718,
    5.491844615,
    55.68368029,
    -43.93048445,
    6.94863896,
    3.333027535,
    18.46740207,
    38.07901526,
    32.45876072,
    23.97565799,
    5.873411855,
    -58.67065634,
    39.73078647,
    35.28173624,
    36.22853731,
    -31.47808086,
    0.665095865,
    -81.9289466,
    65.63041853,
    21.24562949,
    17.54087046,
    72.65547577,
    -29.63200634,
    -13.42486271,
    41.41443068
  ]
}
